{
   "velocimeters": [
       {
           "scale_and_alignment": [
               1.0,
               0.0,
               0.0,
               0.0,
               1.0,
               0.0,
               0.0,
               0.0,
               1.0
           ],
           "noise_variance": 0.004445126050420168,
           "extrinsics": {
               "T": [
                   0.0,
                   -0.322,
                   0.232
               ],
               "T_variance": [
                   9.999999974752427e-7,
                   9.999999974752427e-7,
                   9.999999974752427e-7
               ],
               "W": [
                   0.0,
                   0.0,
                   -3.1415926
               ],
               "W_variance": [
                   9.999999974752427e-5,
                   9.999999974752427e-5,
                   9.999999974752427e-5
               ]
       }
   ]
}